id,player,profits,weights,nb.wins,wins.ratio,nb.match.played
1,adndebanane_elo,-19.9,0.103308701143593,13,0.433333333333333,30
2,adndebanane_hasard,-79,0.0529879559362904,8,0.266666666666667,30
3,adndebanane,0.100000000000023,0.103308701143593,13,0.433333333333333,30
4,Rockaround,-67.2,0.0629627127492331,6,0.3,20
5,mrBen,-68.2,0.0405689037637223,6,0.2,30
6,Clem,-129.2,0.0482058269486316,4,0.2,20
7,Matchaos,-44.4,0.0654632781328701,3,0.3,10
8,Emeric,-6.2,0.0855030571531364,5,0.5,10
