id,player,profits,weights,nb.wins,wins.ratio,nb.match.played
1,adndebanane_elo,-13,0.392695903778076,3,0.3,10
2,adndebanane_hasard,5.5,0.392695903778076,3,0.3,10
3,adndebanane,7,0.448795318603516,4,0.4,10
4,Rockaround,-46,0.343608915805817,2,0.2,10
5,mrBen,85.5,0.448795318603516,4,0.4,10
