id,player,profits,weights,nb.wins,wins.ratio,nb.match.played
1,adndebanane_elo,-45.2,0.176240083250377,7,0.35,20
2,adndebanane_hasard,-46,0.13493381373857,5,0.25,20
3,adndebanane,-11.2,0.201417238000431,8,0.4,20
4,Rockaround,-67.2,0.15421007284408,6,0.3,20
5,mrBen,31.8,0.15421007284408,6,0.3,20
6,Clem,-129.2,0.118067087021249,4,0.2,20
