id,player,profits,weights,nb.wins,wins.ratio,nb.match.played
1,alice,17.8545783062307,0.669921875,1,0.25,4
2,bob,45.9,0.83690739246292,2,1,2
3,rog,10.2177589852008,0.700413983559084,1,0.333333333333333,3
4,max,-3.03030303030303,0.669921875,0,0,1
