id,player,profits,weights,nb.wins,wins.ratio,nb.match.played
1,adndebanane_elo,22.3,0.060557663927189,19,0.475,40
2,adndebanane_hasard,-51.5,0.0208081532457544,11,0.275,40
3,adndebanane,-32.7,0.0405689037637223,16,0.4,40
4,Rockaround,-67.2,0.0262856938199338,6,0.3,20
5,mrBen,-117.2,0.0139398370376831,8,0.2,40
6,Clem,-190.7,0.0208081532457544,11,0.275,40
7,Matchaos,-18.2,0.0343323347852197,8,0.4,20
8,Emeric,-46,0.0343323347852197,8,0.4,20
